<?xml version="1.0" encoding="UTF-8"?>
<!DOCTYPE mapper PUBLIC "-//mybatis.org//DTD Mapper 3.0//EN" "http://mybatis.org/dtd/mybatis-3-mapper.dtd">
<mapper namespace="com.sf.ops.flow.dao.FlowNodeWarnInfoMapper">
  <resultMap id="BaseResultMap" type="com.sf.ops.flow.model.FlowNodeWarnInfo">
    <id column="id" jdbcType="BIGINT" property="id" />
    <result column="flow_code" jdbcType="VARCHAR" property="flowCode" />
    <result column="node_code" jdbcType="VARCHAR" property="nodeCode" />
    <result column="business_id" jdbcType="BIGINT" property="businessId" />
    <result column="warn_type" jdbcType="INTEGER" property="warnType" />
    <result column="create_tm" jdbcType="TIMESTAMP" property="createTm" />
    <result column="msg_use" jdbcType="VARCHAR" property="msgUse" />
    <result column="msg_content" jdbcType="LONGVARCHAR" property="msgContent" />
    <result column="email_use" jdbcType="VARCHAR" property="emailUse" />
    <result column="email_content" jdbcType="LONGVARCHAR" property="emailContent" />
    <result column="sfim_use" jdbcType="VARCHAR" property="sfimUse" />
    <result column="sfim_content" jdbcType="LONGVARCHAR" property="sfimContent" />
    <result column="lead_msg_use" jdbcType="VARCHAR" property="leadMsgUse" />
    <result column="lead_msg_content" jdbcType="LONGVARCHAR" property="leadMsgContent" />
    <result column="lead_email_use" jdbcType="VARCHAR" property="leadEmailUse" />
    <result column="lead_email_content" jdbcType="LONGVARCHAR" property="leadEmailContent" />
    <result column="lead_sfim_use" jdbcType="VARCHAR" property="leadSfimUse" />
    <result column="lead_sfim_content" jdbcType="LONGVARCHAR" property="leadSfimContent" />

  </resultMap>

  <!--查询上一次通知信息-->
  <select id="queryPerTimeByParm" resultMap="BaseResultMap">
    select * from ops_s_flow_node_warn_info where flow_code=#{flowCode} and node_code =#{nodeCode} and business_id=#{businessId}
    order by create_tm desc limit 1
  </select>

  <insert id="insertByBatch" parameterType="com.sf.ops.flow.model.FlowNodeWarnInfo">
    insert into ops_s_flow_node_warn_info (flow_code,node_code,business_id,warn_type,create_tm,msg_use,msg_content,email_use,email_content,
    sfim_use,sfim_content,lead_msg_use,lead_msg_content,lead_email_use,lead_email_content,lead_sfim_use,lead_sfim_content)
    values
    <foreach collection="list" item="item" index="index" separator=",">
      (
      #{item.flowCode},#{item.nodeCode},#{item.businessId},#{item.warnType},#{item.createTm},#{item.msgUse},#{item.msgContent},#{item.emailUse},#{item.emailContent},
      #{item.sfimUse},#{item.sfimContent},#{item.leadMsgUse},#{item.leadMsgContent},#{item.leadEmailUse},#{item.leadEmailContent},#{item.leadSfimUse},#{item.leadSfimContent}
      )
    </foreach>

  </insert>

</mapper>