<?xml version="1.0" encoding="UTF-8"?>
<!DOCTYPE mapper PUBLIC "-//mybatis.org//DTD Mapper 3.0//EN" "http://mybatis.org/dtd/mybatis-3-mapper.dtd">
<mapper namespace="com.sf.ops.flow.dao.FlowRoleUserMapper">
  <resultMap id="BaseResultMap" type="com.sf.ops.flow.model.FlowRoleUser">
    <id column="id" jdbcType="BIGINT" property="id" />
    <result column="flow_code" jdbcType="VARCHAR" property="flowCode" />
    <result column="role_code" jdbcType="VARCHAR" property="roleCode" />
    <result column="user_code" jdbcType="VARCHAR" property="userCode" />
    <result column="user_name" jdbcType="VARCHAR" property="userName" />
    <result column="user_email" jdbcType="VARCHAR" property="userEmail" />
    <result column="user_phone" jdbcType="VARCHAR" property="userPhone" />
    <result column="user_status" jdbcType="INTEGER" property="userStatus" />
    <result column="leader_code" jdbcType="VARCHAR" property="leaderCode" />
    <result column="leader_name" jdbcType="VARCHAR" property="leaderName" />
    <result column="leader_email" jdbcType="VARCHAR" property="leaderEmail" />
    <result column="leader_phone" jdbcType="VARCHAR" property="leaderPhone" />
    <result column="creator" jdbcType="VARCHAR" property="creator" />
    <result column="create_tm" jdbcType="TIMESTAMP" property="createTm" />
    <result column="updater" jdbcType="VARCHAR" property="updater" />
    <result column="update_tm" jdbcType="TIMESTAMP" property="updateTm" />
  </resultMap>

  <select id="queryAllUserByFlowAndNode" resultMap="BaseResultMap">
      SELECT b.* FROM ops_s_flow_node_role a,ops_s_flow_role_user b
      WHERE a.flow_code =#{flowCode} AND a.node_code=#{nodeCode} AND a.role_code=b.role_code AND a.flow_code=b.flow_code
  </select>

</mapper>