<?xml version="1.0" encoding="UTF-8"?>
<!DOCTYPE mapper PUBLIC "-//mybatis.org//DTD Mapper 3.0//EN" "http://mybatis.org/dtd/mybatis-3-mapper.dtd">
<mapper namespace="com.sf.ops.flow.dao.FlowNodeWarnMapper">
  <resultMap id="BaseResultMap" type="com.sf.ops.flow.model.FlowNodeWarn">
    <id column="id" jdbcType="BIGINT" property="id" />
    <result column="flow_code" jdbcType="VARCHAR" property="flowCode" />
    <result column="node_code" jdbcType="VARCHAR" property="nodeCode" />
    <result column="warn_need" jdbcType="CHAR" property="warnNeed" />
    <result column="warn_time" jdbcType="INTEGER" property="warnTime" />
    <result column="warn_no" jdbcType="INTEGER" property="warnNo" />
    <result column="warn_per_time" jdbcType="INTEGER" property="warnPerTime" />
    <result column="notice_time" jdbcType="INTEGER" property="noticeTime" />
    <result column="notice_need" jdbcType="CHAR" property="noticeNeed" />
    <result column="notice_no" jdbcType="INTEGER" property="noticeNo" />
    <result column="notice_per_time" jdbcType="INTEGER" property="noticePerTime" />
    <result column="msg_need" jdbcType="CHAR" property="msgNeed" />
    <result column="email_need" jdbcType="CHAR" property="emailNeed" />
    <result column="sfim_need" jdbcType="CHAR" property="sfimNeed" />
    <result column="msg_template" jdbcType="LONGVARCHAR" property="msgTemplate" />
    <result column="email_template" jdbcType="LONGVARCHAR" property="emailTemplate" />
    <result column="sfim_template" jdbcType="LONGVARCHAR" property="sfimTemplate" />
    <result column="per_id" jdbcType="BIGINT" property="perId" />
    <result column="per_create_tm" jdbcType="TIMESTAMP" property="perCreateTm" />
    <result column="business_id" jdbcType="BIGINT" property="businessId" />
    <result column="warn_type_cc" jdbcType="VARCHAR" property="warnTypeCc" />
  </resultMap>

  <select id="queryApproveOverTimeNode" resultMap="BaseResultMap">
    <![CDATA[
    SELECT dd.id,dd.flow_code,dd.node_code,dd.warn_need,dd.warn_time,dd.warn_no,dd.warn_per_time,dd.notice_time,dd.notice_need,dd.notice_no,dd.notice_per_time,
    dd.msg_need,dd.email_need,dd.sfim_need,dd.msg_template,dd.email_template,dd.sfim_template,dd.per_id,dd.create_tm AS per_create_tm,dd.business_id,dd.warn_type_cc
    FROM
    (SELECT cc.*,
    (case
    when cc.notice_need='Y' AND cc.notice_count<cc.notice_no AND TIMESTAMPDIFF(SECOND,cc.create_tm,now())>cc.notice_time then 'notice'
    when cc.warn_need='Y' AND cc.warn_count<cc.warn_no AND TIMESTAMPDIFF(SECOND,cc.create_tm,now())>cc.warn_time then 'warn'
    ELSE NULL
    END
    ) as warn_type_cc
    FROM
    (SELECT a.id as per_id, a.create_tm as create_tm,a.business_id,b.*,
    (SELECT COUNT(id) FROM ops_s_flow_node_warn_info aa WHERE aa.flow_code=a.flow_code AND aa.node_code=a.node_code AND aa.business_id=a.business_id AND aa.warn_type=1) warn_count,
    (SELECT COUNT(id) FROM ops_s_flow_node_warn_info aa WHERE aa.flow_code=a.flow_code AND aa.node_code=a.node_code AND aa.business_id=a.business_id AND aa.warn_type=2) notice_count
    FROM ops_s_flow_business_list a JOIN ops_s_flow_node_warn b ON a.flow_code=b.flow_code AND a.node_code=b.node_code
    where a.deal_status=1 AND a.data_status=1) cc)dd
    where dd.warn_type_cc IS NOT NULL
    ]]>
  </select>

</mapper>