<?xml version="1.0" encoding="UTF-8"?>
<!DOCTYPE mapper PUBLIC "-//mybatis.org//DTD Mapper 3.0//EN" "http://mybatis.org/dtd/mybatis-3-mapper.dtd">
<mapper namespace="com.sf.ops.flow.dao.FlowDao">
    
	<resultMap id="FlowNodeResultMap" type="com.sf.ops.flow.model.FlowNodeVo" >
    <id column="id" property="id" jdbcType="BIGINT" />
    <result column="node_code" property="nodeCode" jdbcType="VARCHAR" />
    <result column="node_name" property="nodeName" jdbcType="VARCHAR" />
    <result column="flow_code" property="flowCode" jdbcType="VARCHAR" />
    <result column="group_code" property="groupCode" jdbcType="VARCHAR" />
    <result column="node_level" property="nodeLevel" jdbcType="VARCHAR" />
    <result column="level_code" property="levelCode" jdbcType="VARCHAR" />
    <result column="node_type" property="nodeType" jdbcType="VARCHAR" />
    <result column="status" property="status" jdbcType="VARCHAR" />
    <result column="has_sign" property="hasSign" jdbcType="CHAR" />
    <result column="show_code" property="showCode" jdbcType="VARCHAR" />
    <result column="has_subrule" property="hasSubrule" jdbcType="CHAR" />
    <result column="next_direct" property="nextDirect" jdbcType="CHAR" />
    <result column="ckin_msg" property="ckinMsg" />
    <result column="creator" property="creator"/>
    <result column="create_tm" property="createTm"/>
    <result column="updater" property="updater"  />
    <result column="update_tm" property="updateTm"  />
    <result column="role_code" property="roleCode"  />
    <result column="role_name" property="roleName"  />
    <result column="flow_detail_id" property="flowDetailId"  />
  	</resultMap>
	<sql id="FlowNode_Column_List" >
	    fn.id, fn.node_code, fn.node_name, fn.flow_code, fn.group_code, fn.node_level, fn.level_code, fn.node_type, 
	    fn.status, fn.has_sign, fn.show_code, fn.has_subrule, fn.next_direct, fn.ckin_msg, fn.creator, fn.create_tm, 
	    fn.updater, fn.update_tm
	</sql>
	
	<resultMap id="FlowBusinessResultMap" type="com.sf.ops.flow.model.FlowBusiness" >
    <id column="id" property="id" jdbcType="BIGINT" />
    <result column="flow_code" property="flowCode" jdbcType="VARCHAR" />
    <result column="flow_status" property="flowStatus" jdbcType="INTEGER" />
    <result column="business_id" property="businessId" jdbcType="VARCHAR" />
    <result column="creator" property="creator" jdbcType="VARCHAR" />
    <result column="create_tm" property="createTm" />
    <result column="updater" property="updater" jdbcType="VARCHAR" />
    <result column="update_tm" property="updateTm"  />
 	</resultMap>
	<sql id="FlowBusiness_Column_List" >
	    fb.id, fb.flow_code, fb.flow_status, fb.business_id, fb.creator, fb.create_tm, fb.updater, fb.update_tm
	</sql>
	
	<resultMap id="FlowNodeRuleResultMap" type="com.sf.ops.flow.model.FlowNodeRule" >
	    <id column="id" property="id" jdbcType="BIGINT" />
	    <result column="flow_code" property="flowCode" jdbcType="VARCHAR" />
	    <result column="node_code" property="nodeCode" jdbcType="VARCHAR" />
	    <result column="rule_name" property="ruleName" jdbcType="VARCHAR" />
	    <result column="rule_code" property="ruleCode" jdbcType="VARCHAR" />
	    <result column="subrule_name" property="subruleName" jdbcType="VARCHAR" />
	    <result column="subrule_code" property="subruleCode" jdbcType="VARCHAR" />
	    <result column="sign_rule_mark" property="signRuleMark" jdbcType="VARCHAR" />
	    <result column="sign_rule_code" property="signRuleCode" jdbcType="VARCHAR" />
	    <result column="sign_rank" property="signRank" jdbcType="INTEGER" />
	    <result column="next_ncode" property="nextNcode" jdbcType="VARCHAR" />
	    <result column="valid" property="valid" jdbcType="CHAR" />
	    <result column="creator" property="creator" jdbcType="VARCHAR" />
	    <result column="create_tm" property="createTm"  />
	    <result column="updater" property="updater" jdbcType="VARCHAR" />
	    <result column="update_tm" property="updateTm"  />
   </resultMap>
   <sql id="FlowNodeRule_Column_List" >
	    id, flow_code, node_code, rule_name, rule_code, subrule_name, subrule_code, sign_rule_mark, 
	    sign_rule_code, sign_rank, next_ncode, valid, creator, create_tm, updater, update_tm
   </sql>
	
    <select id="getCurrentNodeFromFlowBusinessList" resultMap="FlowNodeResultMap">
        select 
        <include refid="FlowNode_Column_List"/>, fbl.id flow_detail_id
        from ops_s_flow_business_list fbl
        left join ops_s_flow_node fn 
        on fbl.flow_code=fn.flow_code and fbl.node_code=fn.node_code
        where 
        	fbl.flow_code=#{flowCode} 
        	and fbl.business_id=#{businessId}
        	and deal_status=1 and data_status=1
    </select>

    <select id="getCurrentNodeEndedFromFlowBusinessList" resultMap="FlowNodeResultMap">
        select 
        <include refid="FlowNode_Column_List"/>, fbl.id flow_detail_id
        from ops_s_flow_business_list fbl
        left join ops_s_flow_node fn 
        on fbl.flow_code=fn.flow_code and fbl.node_code=fn.node_code
        where 
        	fbl.flow_code=#{flowCode} 
        	and fbl.business_id=#{businessId}
        	and deal_status=1 and data_status=1
        	and fn.node_type!="START" and fn.node_type!="NORMAL"
    </select>
    
    <select id="getFlowBusiness" resultMap="FlowBusinessResultMap">
        select  
        <include refid="FlowBusiness_Column_List"/>
        from ops_s_flow_business fb
        join ops_s_flow_main fm on fb.flow_code=fm.flow_code
        where fb.flow_code=#{flowCode} and business_id=#{businessId} 
    </select>
    
    <insert id="insertFlowBusiness">
	    insert into ops_s_flow_business (flow_code, flow_status, 
	      business_id, zone_code, creator, create_tm)
	    values (#{flowCode}, #{flowStatus}, 
	      #{businessId},#{zoneCode}, #{creator}, #{createTm})
    </insert>
    
    <select id="getFlowNode"  resultMap="FlowNodeResultMap">
        select * 
        from ops_s_flow_node fn
        <where>
            <if test="flowCode!=null and flowCode!=''">
                and fn.flow_code=#{flowCode}
            </if>
            <if test="nodeCode!=null and nodeCode!=''">
                and fn.node_code=#{nodeCode}
            </if>
           <if test="nodeType!=null and nodeType!=''">
                and fn.node_type=#{nodeType}
            </if>
        </where>
        limit 1
    </select>
    
    <select id="getCanAccessFlowBusinessListId"  resultType="Long">
        select fbl.id
        from ops_s_flow_node_rule fnr
        join ops_s_flow_business_list fbl on fnr.flow_code=fbl.flow_code and fnr.node_code=fbl.node_code
       	where fbl.flow_code=#{flowCode}
       	and fnr.rule_code=#{ruleCode} 
       	and fnr.node_code=#{nodeCode} 
       	and deal_status=1 
       	and data_status=1 
       	AND business_id=#{businessId}
        limit 1
    </select>

    <insert id="insertFlowBusinessList" keyProperty="id" useGeneratedKeys="true">
	    insert into ops_s_flow_business_list (flow_code, node_code, 
	      rule_code, subrule_code, business_id, 
	      deal_status, data_status, deal_msg, 
	      dealer_code, creator, create_tm,pre_node_code,pre_node_name,pre_rule_code)
	   	values (#{flowCode}, #{nodeCode}, 
	      #{ruleCode}, #{subruleCode}, #{businessId}, 
	      #{dealStatus}, #{dataStatus}, #{dealMsg}, 
	      #{dealerCode}, #{creator}, #{createTm}, #{preNodeCode}, #{preNodeName}, #{preRuleCode}
	     )
    </insert>
    
    <select id="getDirectFlowNodeRule" resultMap="FlowNodeRuleResultMap">
        select <include refid="FlowNodeRule_Column_List"/>
        from
        ops_s_flow_node_rule
        where flow_code=#{flowCode} and node_code=#{nodeCode}
        limit 1
    </select>
    
    <select id="getFlowNodeRule" resultMap="FlowNodeRuleResultMap">
        select <include refid="FlowNodeRule_Column_List"/>
        from
        ops_s_flow_node_rule
        where flow_code=#{flowCode} and node_code=#{nodeCode} and rule_code=#{ruleCode}
    </select>
    
    <update id="updateFlowBusinessListStatus">
	 update ops_s_flow_business_list
	    <set>
	        <if test="userName != null" >
	            dealer_code = #{userName},
	        </if> 
  			<if test="userName != null" >
	            updater = #{userName},
	        </if> 
	        <if test="updateTm != null" >
	            update_tm = #{updateTm},
	        </if> 
		      <if test="dealStatus != null" >
		        deal_status = #{dealStatus},
		      </if>
		      <if test="dataStatus != null" >
		        data_status = #{dataStatus},
		      </if>
		      <if test="dealMsg != null" >
		        deal_msg = #{dealMsg},
		      </if>
		      <if test="ruleCode!=null">
		          rule_code=#{ruleCode},
		      </if>
	    </set>
	   
	      
	  where flow_code=#{flowCode} and node_code=#{nodeCode} and business_id=#{businessId} and deal_status=1 and data_status=1
    </update>
    
    <update id="updateFlowBusinessFlowStatus">
         update ops_s_flow_business
         set
         	flow_status=#{flowStatus},
         	updater=#{updater},
         	update_tm=#{updateTm}
         where	
         	business_id=#{businessId} and flow_code=#{flowCode}
    </update>
    
    <select id="getCanAccessNode" resultMap="FlowNodeResultMap">
        SELECT 
			 <include refid="FlowNode_Column_List"/>,fr.role_code,fr.role_name
		FROM
		ops_s_flow_role_user fru
		LEFT JOIN ops_s_flow_role fr ON fr.role_code=fru.role_code and fr.flow_code=fru.flow_code
		LEFT JOIN ops_s_flow_node_role fnr ON fnr.role_code=fru.role_code and fnr.flow_code=fru.flow_code
		LEFT JOIN ops_s_flow_node fn ON fnr.node_code=fn.node_code and fn.flow_code=fru.flow_code
		LEFT JOIN ops_s_flow_business_list fbl ON fbl.node_code=fn.node_code and fbl.flow_code=fru.flow_code
		WHERE 
			user_code=#{loginName} 
			and fru.flow_code=#{flowCode}
			and fbl.business_id=#{businessId}
			and fnr.valid=1
			and fbl.deal_status=1
			and fbl.data_status=1
		limit 1
    </select>
    
    <select id="getSignNodeFlowBusinessList" resultMap="FlowNodeRuleResultMap">
        
        SELECT DISTINCT fnr.* 
		FROM
			ops_s_flow_business_list fbl
			LEFT JOIN ops_s_flow_node_rule fnr ON fnr.flow_code=fbl.flow_code AND fnr.node_code=fbl.node_code
			LEFT JOIN ops_s_flow_node fn ON fn.flow_code=fbl.flow_code AND fn.node_code=fbl.node_code
		WHERE 
			fbl.business_id=#{businessId}
			and fbl.flow_code=#{flowNodeRule.flowCode}
			and fn.group_code=#{groupCode} and fnr.sign_rule_code=#{flowNodeRule.signRuleCode}
			and fbl.deal_status=1 and fbl.data_status=1  and fnr.valid="Y"
			and fbl.node_code!=#{flowNodeRule.nodeCode}
			and fnr.sign_rule_mark=#{flowNodeRule.signRuleMark}
        
    </select>
    
    <select id="getCurrentChildSignNodeFlow" resultType="String">
        SELECT fn.node_code 
        FROM
		ops_s_flow_node fn
		LEFT JOIN ops_s_flow_business_list fbl ON fn.flow_code=fbl.flow_code AND fn.node_code=fbl.node_code
		where fbl.business_id=#{businessId}
		and fbl.deal_status=1 
		and fbl.data_status=1 
		and fn.node_level 
		in 
		(
			SELECT CONCAT(fn.node_level,substring(fn.level_code,3))
			FROM
			ops_s_flow_node_rule fnr
			LEFT JOIN ops_s_flow_node fn ON fn.flow_code=fnr.flow_code AND fn.node_code=fnr.node_code
			where 
				fnr.flow_code=#{flowNodeRule.flowCode}
				and fn.group_code=#{groupCode} 
				and fnr.sign_rule_mark=#{flowNodeRule.signRuleMark}
				and fnr.node_code!=#{flowNodeRule.nodeCode}
				and fnr.sign_rule_code=#{flowNodeRule.signRuleCode}
				and fnr.valid="Y"
		)
		limit 1
    </select>
    
    <update id="updateOtherFlowBusinessListStatus">
        update ops_s_flow_business_list
        set data_status=0
        where data_status=1 and deal_status=1 
        	and flow_code=#{flowCode}
        	and business_id=#{businessId}
        	and node_code!=#{nodeCode}
    </update>
    
    <insert id="insertFlowBusinessInfoList">
        insert into ops_s_flow_business_info (flow_code, flow_detail_id, 
	      business_id, node_code, write_code,write_name, write_val, write_desc,
	      write_type, write_status, creator, create_tm
	      )
	    values 
	     <foreach collection="flowAccessContents" item="businessInfo" separator=",">
	   	 (#{flowCode}, #{flowDetailId}, 
	      #{businessId}, #{nodeCode}, #{businessInfo.writeCode}, 
	      #{businessInfo.writeName}, #{businessInfo.writeVal}, #{businessInfo.writeDesc},#{businessInfo.writeType}, 1, 
	      #{creator}, #{createTm}
	      )
	     </foreach>
    </insert>
    
    <delete id="deleteFlowCurrentNode">
        delete from ops_s_flow_current_node
        where flow_code=#{flowCode} and business_id=#{businessId}
    </delete>

	<insert id="insertFlowCurrentNode">
		insert into ops_s_flow_current_node 
		(
			flow_code, node_code,
			business_id, flow_detail_id, deal_status,data_status
		)
		values
		(
			#{flowCode}, #{nodeCode},
			#{businessId}, #{flowDetailId},#{dealStatus},#{dataStatus}
		)
	</insert>
	
	<select id="getParentFlowNodeHasDeal" resultMap="FlowNodeResultMap">
	    SELECT 
	    	 <include refid="FlowNode_Column_List"/>
	    FROM
		ops_s_flow_business_list fbl
		JOIN ops_s_flow_node fn ON fn.flow_code=fbl.flow_code and fn.node_code=fbl.node_code
		where 
		fbl.business_id=#{businessId}
		and fbl.flow_code=#{flowCode}
		and CONCAT(fn.node_level,substring(fn.level_code,3))=#{nodeLevel}
		and deal_status=2
		and data_status=1
		group by fbl.flow_code, fbl.business_id
		limit 1
	</select>
	
	<select id="getParentOtherFlowBusinessListHasDeal" resultMap="FlowNodeResultMap">
	    	 
		SELECT <include refid="FlowNode_Column_List"/>, fbl.id flow_detail_id
		FROM
		ops_s_flow_business_list fbl
		JOIN ops_s_flow_node fn ON fn.flow_code=fbl.flow_code and fn.node_code=fbl.node_code
		WHERE fn.group_code=#{groupCode}
		and fbl.business_id=#{businessId}
		and fbl.flow_code=#{flowCode}
		and deal_status=2
		and data_status=1
		and fbl.node_code!=#{nodeCode}
		group by fbl.flow_code, fbl.business_id
	</select>

</mapper>